date,symbol,action,shares,price,commission,profit
2023-09-15,AAPL,BUY,302,165.43576505589203,49.96160104687442,
2023-09-19,MSFT,BUY,63,391.7902373900244,24.68278495557024,
2023-09-22,AAPL,SELL,302,157.34191467063908,47.5172582305313,-2444.3428163463905
2023-11-06,AAPL,BUY,229,158.3226216035374,36.255880347205675,
2023-12-04,MSFT,SELL,63,375.04117859725613,23.62759425162585,-1055.1907039444009
2024-02-19,AAPL,SELL,229,166.0007620404483,38.01417450726149,1758.2941600525946
2024-03-04,MSFT,BUY,150,325.0333511141833,48.755002667123335,
2024-04-24,AAPL,BUY,136,179.79990185447775,24.45278665220758,
2024-05-13,MSFT,SELL,150,322.38253170309974,48.357379755463626,-397.6229116625319
2024-06-17,AAPL,SELL,136,168.64034333741094,22.93508669388757,-1517.6999583210866
2024-07-08,MSFT,BUY,134,355.7463019754092,47.67000446470047,
2024-09-11,MSFT,SELL,134,348.0669798785931,46.64097530372965,-1029.0291609733604
2024-09-17,AAPL,BUY,294,161.27894201250885,47.416008951673575,
